"V1","V2","V3","V4","V5","V6","V7","V8","V9","V10","V11","V12","V13","V14","V15","V16","Target"
47,100,27,81,57,37,26,0,0,23,56,53,100,90,40,98,'Normal'
0,89,27,100,42,75,29,45,15,15,37,0,69,2,100,6,'Anomaly'
0,57,31,68,72,90,100,100,76,75,50,51,28,25,16,0,'Anomaly'
0,100,7,92,5,68,19,45,86,34,100,45,74,23,67,0,'Anomaly'
0,67,49,83,100,100,81,80,60,60,40,40,33,20,47,0,'Anomaly'
100,100,88,99,49,74,17,47,0,16,37,0,73,16,20,20,'Anomaly'
0,100,3,72,26,35,85,35,100,71,73,97,65,49,66,0,'Anomaly'
0,39,2,62,11,5,63,0,100,43,89,99,36,100,0,57,'Anomaly'
13,89,12,50,72,38,56,0,4,17,0,61,32,94,100,100,'Anomaly'
57,100,22,72,0,31,25,0,75,13,100,50,75,87,26,85,'Anomaly'
74,87,31,100,0,69,62,64,100,79,100,38,84,0,18,1,'Anomaly'
48,96,62,65,88,27,21,0,21,33,79,67,100,100,0,85,'Normal'
100,100,72,99,36,78,34,54,79,47,64,13,19,0,0,2,'Anomaly'
91,74,54,100,0,87,23,59,81,67,100,39,79,4,21,0,'Anomaly'
0,85,38,100,81,88,87,50,84,12,58,0,53,22,100,24,'Anomaly'
35,76,57,100,100,92,68,66,81,38,82,9,32,0,0,17,'Anomaly'
50,84,66,100,75,75,51,51,100,42,97,13,49,0,0,7,'Anomaly'
99,80,63,100,25,76,79,68,100,62,97,23,54,0,0,16,'Anomaly'
24,66,43,100,59,65,34,28,0,1,16,11,58,0,100,1,'Anomaly'
0,73,19,99,72,100,70,73,32,48,5,18,46,0,100,0,'Anomaly'
12,77,20,62,78,40,50,0,1,17,0,64,23,98,100,100,'Anomaly'
0,46,49,64,78,87,100,100,91,75,85,49,75,24,89,0,'Anomaly'
10,86,34,66,68,34,34,0,4,26,0,69,34,95,100,100,'Anomaly'
73,62,53,100,0,72,82,39,100,0,15,14,52,57,90,94,'Normal'
54,100,34,75,6,43,0,11,70,0,100,28,44,46,36,21,'Anomaly'
11,100,0,69,15,43,87,47,100,65,74,67,71,33,66,0,'Anomaly'
36,92,7,83,0,37,26,0,77,6,100,46,84,89,36,100,'Anomaly'
46,100,10,83,34,64,100,77,71,82,49,54,22,27,0,0,'Anomaly'
61,59,58,100,0,84,44,42,80,0,8,5,33,44,100,70,'Normal'
100,84,31,100,0,88,8,70,15,53,15,35,0,17,0,0,'Anomaly'
32,59,53,100,100,95,79,46,48,0,93,19,58,55,0,63,'Normal'
40,99,51,66,79,26,39,0,0,27,8,77,46,100,100,94,'Anomaly'
0,98,36,100,80,85,68,42,56,0,25,23,50,37,100,32,'Anomaly'
27,76,1,42,16,0,70,3,100,40,92,84,44,100,0,73,'Anomaly'
0,0,31,15,63,30,88,52,100,79,82,100,56,82,79,64,'Anomaly'
30,86,67,100,77,77,53,50,78,40,100,17,56,0,0,5,'Anomaly'
29,91,14,57,66,39,30,0,0,19,3,72,39,97,100,100,'Anomaly'
77,97,40,100,0,59,9,29,84,33,100,64,77,44,48,0,'Anomaly'
64,93,0,67,97,67,89,100,14,70,100,68,96,36,28,0,'Anomaly'
9,93,53,100,89,80,57,52,17,30,0,5,50,2,100,0,'Anomaly'
0,93,62,100,100,78,69,43,50,5,35,0,15,35,86,37,'Anomaly'
30,87,16,55,68,41,52,0,0,16,15,63,41,100,100,98,'Anomaly'
60,100,20,76,0,39,10,1,69,0,100,33,56,40,15,10,'Anomaly'
0,83,29,100,88,95,64,69,73,43,100,13,50,1,10,0,'Anomaly'
5,90,46,98,89,100,100,81,77,59,62,34,37,14,0,0,'Anomaly'
100,99,67,100,24,68,0,32,27,0,99,8,77,40,9,55,'Anomaly'
47,86,73,100,89,75,68,49,100,28,82,4,38,0,0,13,'Anomaly'
29,72,45,100,78,78,60,41,25,12,0,4,50,6,100,0,'Anomaly'
1,88,0,54,59,31,36,0,11,28,4,68,28,97,100,100,'Anomaly'
63,100,40,73,70,63,100,77,79,74,55,48,29,23,0,0,'Anomaly'
11,92,56,100,83,82,52,59,87,39,100,14,55,0,0,0,'Anomaly'
51,76,68,91,100,100,83,80,59,60,34,40,10,20,0,0,'Anomaly'
56,99,18,72,0,24,36,0,85,23,100,69,58,100,19,74,'Anomaly'
0,75,47,87,100,100,91,80,72,60,53,40,35,20,19,0,'Anomaly'
17,100,0,74,6,36,77,37,100,63,73,95,71,47,75,0,'Anomaly'
41,96,17,76,50,37,31,0,0,34,1,86,49,98,100,100,'Anomaly'
20,82,62,100,100,81,68,54,82,50,89,19,42,0,0,13,'Anomaly'
12,78,40,100,74,77,52,41,13,14,0,17,50,8,100,0,'Anomaly'
18,73,0,73,10,24,54,0,100,22,95,71,52,100,5,84,'Anomaly'
97,100,41,90,4,58,0,22,52,0,100,22,49,38,8,13,'Anomaly'
57,63,100,100,0,91,36,53,95,16,2,0,5,36,91,67,'Normal'
30,81,87,100,100,98,37,86,46,54,99,32,59,2,0,0,'Anomaly'
12,61,0,20,44,0,92,23,100,64,70,100,15,92,0,52,'Anomaly'
0,84,50,100,72,79,37,52,51,41,100,27,62,3,3,0,'Anomaly'
0,100,61,100,100,93,63,64,36,33,14,0,9,29,47,42,'Anomaly'
100,79,67,100,26,76,41,38,47,0,0,8,38,38,96,58,'Normal'
100,100,58,83,31,55,17,24,43,0,80,19,50,43,0,39,'Anomaly'
94,79,40,100,13,65,59,30,67,0,0,17,45,52,100,83,'Normal'
0,82,75,56,100,12,22,0,22,41,92,73,84,100,2,80,'Normal'
80,100,36,100,58,80,65,82,82,47,100,14,53,0,0,7,'Anomaly'
35,76,0,42,11,0,65,5,100,41,97,85,49,100,9,69,'Anomaly'
34,100,21,76,0,35,43,30,91,29,100,41,74,46,67,0,'Anomaly'
0,75,31,72,67,84,100,100,94,82,80,54,68,27,56,0,'Anomaly'
90,71,100,100,25,85,10,50,80,62,99,53,64,17,0,0,'Anomaly'
0,97,42,100,67,71,53,35,34,0,16,23,40,42,100,42,'Anomaly'
38,94,4,63,0,20,41,0,84,19,100,60,77,98,32,100,'Anomaly'
72,100,38,88,2,57,0,19,51,0,100,20,55,34,12,7,'Anomaly'
26,79,69,100,92,85,56,56,90,42,100,15,51,0,0,2,'Anomaly'
31,73,55,100,55,53,33,14,0,0,30,11,65,1,100,1,'Anomaly'
46,100,21,85,0,60,24,42,68,44,100,49,76,25,58,0,'Anomaly'
41,69,76,100,73,81,57,39,46,0,0,10,50,9,100,10,'Anomaly'
32,100,12,76,0,48,1,21,39,0,100,9,64,21,18,3,'Anomaly'
0,100,54,98,91,85,71,52,62,17,74,0,100,32,42,37,'Anomaly'
47,93,1,67,0,16,53,0,100,32,95,81,42,100,7,62,'Anomaly'
95,92,50,100,21,77,74,87,100,86,69,56,37,26,0,0,'Anomaly'
39,100,23,82,0,52,1,21,48,0,100,16,70,42,6,55,'Anomaly'
22,100,1,66,0,33,50,32,100,36,82,63,77,30,71,0,'Anomaly'
3,96,53,100,81,68,83,28,72,0,100,34,51,41,0,43,'Anomaly'
0,65,38,79,62,100,72,86,77,65,79,43,83,21,100,0,'Anomaly'
0,60,38,80,80,100,100,92,80,69,65,46,55,23,55,0,'Anomaly'
40,72,16,50,96,69,70,100,0,73,65,57,100,47,94,0,'Anomaly'
100,100,63,78,28,53,0,27,4,0,60,1,78,22,24,21,'Anomaly'
33,58,19,90,78,100,91,62,51,28,0,2,37,1,100,0,'Anomaly'
42,83,60,53,89,11,13,0,0,33,77,57,100,92,18,100,'Normal'
0,88,24,68,76,33,43,0,29,32,84,66,100,100,8,89,'Normal'
50,97,72,68,100,100,42,86,93,72,89,48,70,7,0,0,'Anomaly'
44,66,67,100,80,62,47,25,5,0,0,3,50,4,100,7,'Anomaly'
100,89,40,83,63,40,84,0,0,7,53,53,80,100,3,78,'Normal'
22,93,0,95,50,97,100,100,67,81,43,56,28,28,30,0,'Anomaly'
29,73,56,100,68,71,45,38,11,12,0,8,50,6,100,0,'Anomaly'
0,79,51,59,100,29,51,0,22,26,51,60,73,94,9,100,'Normal'
0,100,67,100,86,72,56,37,34,0,6,33,32,45,100,46,'Anomaly'
2,85,31,100,76,74,62,37,47,0,100,8,68,30,0,41,'Anomaly'
54,93,0,88,54,46,70,0,5,9,54,52,100,96,7,100,'Normal'
58,100,0,89,44,53,100,21,63,0,62,36,87,80,25,91,'Normal'
78,85,65,66,100,25,49,0,15,29,58,67,66,100,0,84,'Normal'
84,93,20,100,22,50,44,0,0,22,54,59,100,95,27,97,'Normal'
95,68,77,100,21,76,60,38,68,0,0,15,29,53,100,81,'Normal'
0,67,38,66,62,30,38,0,8,30,45,63,100,90,58,100,'Normal'
100,75,95,100,24,81,38,44,69,8,0,0,45,33,96,64,'Normal'
100,100,14,90,74,55,79,97,37,62,0,39,36,0,39,44,'Normal'
86,100,0,95,32,56,100,22,30,0,5,36,80,68,52,99,'Normal'
0,68,73,45,100,8,20,0,37,38,92,72,85,100,7,81,'Normal'
56,83,28,61,90,23,24,0,22,40,100,72,72,100,0,72,'Normal'
76,85,0,100,16,63,81,31,69,0,6,25,34,64,100,95,'Normal'
41,53,60,100,100,89,70,42,33,0,72,16,54,62,0,72,'Normal'
92,65,50,100,0,82,47,46,87,6,42,0,54,45,100,79,'Normal'
9,32,60,62,80,100,6,93,36,56,100,27,57,0,0,25,'Normal'
0,78,40,100,97,78,69,39,44,0,100,7,35,37,22,73,'Normal'
55,76,22,68,66,29,39,0,52,32,100,68,69,100,0,86,'Normal'
24,66,100,89,30,66,88,32,34,0,0,34,61,72,77,100,'Normal'
93,100,5,96,42,65,85,32,58,0,0,14,36,47,100,74,'Normal'
86,79,47,100,18,62,65,27,66,0,0,3,46,39,100,71,'Normal'
86,78,48,100,14,72,19,35,2,0,0,29,49,59,100,88,'Normal'
100,100,26,97,1,66,45,33,29,0,0,26,38,61,87,93,'Normal'
73,98,0,95,16,60,84,29,70,0,45,35,100,69,88,100,'Normal'
100,66,56,100,23,73,77,34,65,0,0,24,55,58,73,77,'Normal'
39,76,74,40,83,2,11,0,50,35,100,67,73,100,0,81,'Normal'
72,83,49,100,61,58,82,17,0,0,25,33,100,61,75,92,'Normal'
31,93,12,78,71,36,31,0,21,33,100,65,69,100,0,78,'Normal'
64,100,34,73,100,39,94,3,0,0,38,38,90,74,76,95,'Normal'
77,60,77,100,10,90,15,49,40,8,0,0,32,34,100,55,'Normal'
33,76,48,100,100,97,74,50,44,4,77,0,39,40,0,79,'Normal'
86,71,72,100,32,75,55,35,42,0,0,17,48,45,100,70,'Normal'
53,79,44,55,22,10,0,0,32,36,66,69,100,100,61,83,'Normal'
0,12,50,48,84,87,24,100,29,65,100,35,84,0,9,11,'Normal'
45,70,77,35,58,0,0,10,48,42,100,71,84,100,26,81,'Normal'
99,68,58,100,0,78,47,42,100,9,39,0,47,41,100,73,'Normal'
13,95,17,66,83,35,77,0,0,14,42,49,100,81,34,100,'Normal'
38,63,74,100,11,86,34,43,67,0,0,7,27,48,100,76,'Normal'
100,97,40,100,0,65,35,27,39,0,40,38,87,73,87,100,'Normal'
76,70,32,100,10,71,85,41,100,4,4,0,0,39,54,73,'Normal'
59,85,25,71,88,35,79,0,7,29,62,64,100,100,0,99,'Normal'
78,99,0,100,17,63,57,28,47,0,7,31,45,65,100,95,'Normal'
14,99,16,67,67,33,74,0,0,17,44,48,100,77,39,100,'Normal'
0,82,37,62,83,30,65,0,46,32,81,66,100,100,23,90,'Normal'
57,68,52,100,4,71,48,37,63,0,0,13,27,49,100,78,'Normal'
16,38,67,29,43,0,22,25,66,57,100,94,50,100,0,74,'Normal'
35,73,77,55,100,20,39,0,37,35,79,68,86,100,0,84,'Normal'
75,100,0,89,70,61,100,26,32,0,7,31,63,63,95,99,'Normal'
86,90,28,100,0,52,46,4,26,0,25,51,100,83,73,99,'Normal'
62,76,23,100,0,67,67,35,89,0,22,22,56,60,100,96,'Normal'
100,95,38,99,35,65,70,29,32,0,0,27,36,64,65,100,'Normal'
3,57,83,70,100,100,6,85,20,52,71,20,0,0,37,32,'Normal'
82,100,35,78,97,39,94,0,0,1,39,42,100,81,40,94,'Normal'
19,78,29,36,13,0,8,27,58,49,100,79,55,100,0,88,'Normal'
55,40,100,64,92,100,48,81,45,40,55,0,0,4,11,38,'Normal'
73,64,54,100,0,75,60,40,91,0,13,13,46,55,100,87,'Normal'
79,100,14,81,49,39,100,0,32,0,52,55,71,100,0,71,'Normal'
85,69,47,100,0,75,44,38,72,0,16,16,57,55,100,87,'Normal'
45,74,23,68,92,35,77,0,45,28,100,64,95,100,0,80,'Normal'
56,60,65,100,100,83,81,39,51,0,85,16,56,50,0,55,'Normal'
64,92,3,100,25,62,44,23,0,0,1,30,55,58,100,90,'Normal'
98,89,48,100,29,65,58,25,6,0,0,31,53,63,100,91,'Normal'
47,68,0,70,53,34,85,0,22,12,53,59,100,100,46,88,'Normal'
48,97,9,67,100,64,66,100,24,57,0,0,87,8,15,41,'Normal'
100,95,0,78,93,59,81,100,62,44,2,5,96,0,48,48,'Normal'
61,96,0,83,61,66,100,30,49,0,5,30,39,68,42,100,'Normal'
47,69,42,100,6,75,54,39,47,0,0,21,42,58,100,90,'Normal'
73,96,50,70,38,24,0,0,29,41,70,77,100,100,46,78,'Normal'
100,92,18,81,46,39,62,0,1,13,43,56,74,100,0,75,'Normal'
50,100,5,82,71,42,91,0,7,18,78,56,100,92,0,90,'Normal'
100,75,47,100,0,79,49,41,66,0,3,25,27,66,98,91,'Normal'
77,72,51,100,0,77,61,42,94,0,22,2,33,45,100,76,'Normal'
38,73,84,41,100,0,53,7,73,49,98,90,54,100,0,75,'Normal'
0,23,63,46,100,87,50,100,34,57,86,23,57,0,9,22,'Normal'
28,6,64,48,100,91,53,100,22,59,80,31,66,0,0,2,'Normal'
25,89,65,55,100,21,20,0,0,30,55,62,94,95,22,100,'Normal'
43,82,85,44,100,3,17,0,0,34,62,64,90,100,7,95,'Normal'
51,69,74,37,100,0,52,4,41,41,73,75,60,100,0,83,'Normal'
37,71,79,71,49,100,0,45,25,36,66,0,100,51,10,26,'Normal'
96,100,0,98,22,54,87,15,51,0,25,39,100,73,38,94,'Normal'
100,89,52,100,25,71,45,34,38,0,0,17,34,47,76,71,'Normal'
90,94,13,95,26,56,96,27,52,0,0,26,45,64,100,100,'Normal'
66,90,6,55,100,73,45,100,33,46,0,0,89,11,13,23,'Normal'
96,85,31,100,44,64,96,27,37,0,0,31,72,62,100,91,'Normal'
76,95,23,100,36,60,68,22,23,0,0,33,46,65,100,94,'Normal'
32,52,22,0,100,2,78,63,35,37,14,100,71,92,0,73,'Normal'
33,88,39,59,63,100,0,65,28,43,40,0,100,42,25,47,'Normal'
69,97,0,90,24,45,81,3,0,0,46,45,100,89,20,100,'Normal'
35,88,30,57,50,17,11,0,0,38,56,68,100,100,20,100,'Normal'
66,86,0,94,21,52,80,14,14,0,42,39,100,78,49,100,'Normal'
78,67,65,100,0,75,56,37,84,0,2,10,35,52,100,86,'Normal'
0,98,5,73,70,39,100,0,43,9,53,50,84,90,26,100,'Normal'
28,61,59,27,33,0,2,20,63,46,100,79,48,100,0,74,'Normal'
34,71,16,65,17,23,0,0,1,42,44,75,100,100,46,91,'Normal'
56,80,5,100,10,65,87,33,71,0,0,22,58,59,100,97,'Normal'
45,72,18,100,0,64,64,33,98,0,7,5,26,41,100,68,'Normal'
100,94,40,100,0,68,43,35,92,5,23,0,3,34,46,68,'Normal'
63,65,35,100,1,69,61,36,79,0,0,15,33,54,100,86,'Normal'
49,100,19,91,31,54,36,15,0,0,7,36,51,63,100,87,'Normal'
60,90,26,82,49,39,35,0,0,23,56,54,100,90,37,100,'Normal'
40,100,7,84,72,47,100,5,22,0,52,45,84,90,0,94,'Normal'
81,82,0,95,19,62,84,29,45,0,24,33,83,68,100,100,'Normal'
59,99,16,72,89,38,91,0,28,18,73,58,100,100,0,95,'Normal'
3,92,12,64,60,28,18,0,0,32,67,55,100,91,33,100,'Normal'
44,68,58,44,100,7,0,0,7,36,78,68,93,100,11,74,'Normal'
54,63,100,76,80,100,43,75,51,35,47,0,0,16,27,46,'Normal'
88,78,34,100,0,73,45,38,78,0,21,11,50,49,100,82,'Normal'
4,11,46,53,76,100,24,98,41,53,100,24,57,0,0,15,'Normal'
100,100,31,89,36,55,70,22,23,0,0,28,43,58,86,89,'Normal'
100,90,27,100,0,66,56,33,81,0,10,16,33,57,98,84,'Normal'
53,93,3,71,47,34,23,0,0,29,59,63,100,100,9,98,'Normal'
60,59,98,26,48,0,25,19,77,49,100,85,43,100,0,70,'Normal'
54,64,30,96,15,61,69,27,52,0,0,30,48,66,100,100,'Normal'
81,69,63,100,0,82,41,41,81,0,19,3,41,44,100,74,'Normal'
89,92,20,100,11,67,43,34,54,0,0,24,34,56,100,82,'Normal'
77,87,87,57,100,19,13,0,28,35,83,69,94,100,0,79,'Normal'
0,53,84,42,100,6,10,0,2,34,66,66,86,100,5,84,'Normal'
44,89,62,48,61,0,0,6,35,47,100,72,81,100,14,84,'Normal'
39,73,76,100,22,79,50,43,69,6,0,0,26,30,100,52,'Normal'
87,100,31,76,100,91,38,80,22,62,0,0,73,9,33,64,'Normal'
29,95,93,67,84,100,10,68,0,18,74,0,100,44,17,44,'Normal'
100,100,9,95,0,52,98,26,48,0,46,45,98,90,18,71,'Normal'
57,53,100,85,62,100,51,61,79,24,29,0,0,30,61,56,'Normal'
0,31,52,59,46,100,11,81,65,52,100,17,38,0,9,26,'Normal'
88,99,9,100,0,54,55,12,4,0,24,40,100,73,63,94,'Normal'
72,100,5,97,53,52,93,6,0,0,11,43,100,77,58,99,'Normal'
100,94,53,80,68,39,68,0,0,0,17,36,62,69,88,100,'Normal'
44,87,21,78,68,41,70,0,0,13,45,47,100,80,41,100,'Normal'
83,95,0,86,56,49,100,13,17,0,48,40,99,79,37,100,'Normal'
63,66,58,100,11,76,36,38,63,0,0,3,36,36,100,62,'Normal'
70,61,65,100,15,70,72,34,87,0,0,10,23,50,100,76,'Normal'
42,98,0,69,54,36,71,0,14,16,54,54,100,91,39,100,'Normal'
4,100,23,65,89,36,100,0,20,8,32,49,79,85,0,89,'Normal'
84,92,41,91,37,46,66,0,0,9,46,49,100,85,33,100,'Normal'
100,100,37,89,43,57,69,26,33,0,0,19,35,48,83,73,'Normal'
65,60,100,100,5,100,19,57,65,15,0,0,13,43,97,75,'Normal'
19,93,9,74,100,94,25,100,1,49,0,0,93,16,46,60,'Normal'
62,100,100,98,77,61,45,28,39,0,79,25,50,57,0,72,'Normal'
68,89,0,100,38,59,98,23,80,0,39,35,100,69,75,92,'Normal'
0,63,61,38,67,0,20,14,56,50,100,85,50,100,2,71,'Normal'
70,92,0,83,57,49,100,13,16,0,5,37,48,74,64,100,'Normal'
50,90,0,89,62,47,88,0,5,4,42,51,100,95,11,100,'Normal'
23,57,70,39,100,0,40,1,51,43,89,83,60,100,0,75,'Normal'
90,66,49,100,0,72,67,40,100,0,25,11,34,55,84,93,'Normal'
46,79,37,60,59,22,0,0,19,35,78,64,100,97,29,100,'Normal'
51,60,47,100,16,68,75,35,83,0,0,2,31,39,100,68,'Normal'
46,92,45,62,38,22,0,0,9,39,57,70,100,100,27,98,'Normal'
51,78,0,68,47,34,100,0,19,7,63,43,85,82,9,100,'Normal'
81,85,10,79,42,38,56,0,0,21,45,62,100,100,29,82,'Normal'
100,94,29,84,32,41,59,0,0,1,42,38,87,74,52,100,'Normal'
12,14,56,48,100,84,53,100,32,65,80,30,62,0,0,17,'Normal'
26,100,21,65,91,32,66,0,38,25,91,61,100,99,0,98,'Normal'
55,92,17,78,55,38,50,0,0,21,56,55,100,92,25,100,'Normal'
67,99,62,62,97,13,0,0,7,34,100,59,100,100,10,93,'Normal'
32,98,8,71,56,25,28,0,0,42,77,69,100,100,15,92,'Normal'
42,85,85,100,100,68,76,32,45,0,50,1,38,40,0,65,'Normal'
0,66,48,100,100,83,69,41,37,0,81,26,76,69,8,93,'Normal'
56,76,73,52,93,13,0,0,37,35,100,69,100,100,17,76,'Normal'
86,62,64,100,0,80,40,44,92,12,29,0,41,37,100,65,'Normal'
65,93,68,73,92,23,13,0,0,38,87,65,100,100,5,98,'Normal'
18,74,3,67,74,34,41,0,3,27,59,63,100,100,0,95,'Normal'
66,98,22,67,100,88,17,100,11,52,0,0,79,13,22,53,'Normal'
41,100,0,70,76,37,100,0,10,5,41,43,97,79,27,91,'Normal'
64,100,100,92,94,56,72,22,72,0,91,31,52,59,0,80,'Normal'
100,83,64,100,50,65,75,26,35,0,0,22,46,53,100,78,'Normal'
12,76,27,98,45,48,28,0,0,14,54,56,100,100,30,96,'Normal'
61,90,67,61,99,100,9,71,17,56,0,0,100,25,17,61,'Normal'
62,87,41,63,100,100,22,72,8,41,30,0,93,42,0,34,'Normal'
67,99,0,95,29,61,100,36,87,0,43,21,70,60,83,100,'Normal'
0,88,65,55,100,16,45,0,43,40,90,77,68,100,8,69,'Normal'
88,88,53,78,100,40,91,0,0,1,5,39,57,76,18,100,'Normal'
22,100,66,50,100,94,45,95,5,41,58,0,78,42,0,46,'Normal'
36,53,100,82,55,100,2,69,36,34,74,0,0,14,62,44,'Normal'
73,78,10,73,60,35,43,0,0,25,57,62,100,100,20,96,'Normal'
67,100,18,81,44,39,35,0,0,28,53,57,100,88,42,94,'Normal'
76,97,64,62,100,15,14,0,0,35,90,59,98,100,0,98,'Normal'
55,77,3,100,39,57,100,16,0,0,26,38,97,77,23,78,'Normal'
67,66,56,100,10,74,59,38,70,0,0,15,29,54,100,82,'Normal'
75,75,36,100,6,68,62,35,100,0,0,6,31,41,93,74,'Normal'
5,55,79,87,5,100,38,53,67,6,0,0,27,47,100,84,'Normal'
88,59,100,100,16,85,42,45,82,8,0,0,32,40,89,77,'Normal'
59,82,11,67,100,65,54,100,40,48,0,22,60,0,43,52,'Normal'
100,84,55,99,4,72,49,33,43,0,0,28,41,69,97,100,'Normal'
0,26,57,56,98,94,31,100,45,63,100,31,78,0,9,16,'Normal'
32,100,17,75,87,41,64,0,12,20,79,55,100,96,0,96,'Normal'
37,100,0,60,94,94,3,89,29,54,0,0,100,28,8,38,'Normal'
0,71,52,100,100,75,53,37,13,0,82,7,34,44,16,83,'Normal'
60,100,14,67,100,55,80,98,39,56,0,13,80,0,50,45,'Normal'
57,87,0,100,17,63,100,28,94,0,20,34,89,71,37,87,'Normal'
37,90,4,97,35,57,100,22,49,0,0,33,54,72,35,100,'Normal'
27,100,0,74,60,43,100,3,34,0,29,44,74,81,10,58,'Normal'
35,97,35,61,44,19,0,0,23,38,61,68,100,99,51,100,'Normal'
46,84,65,46,65,9,0,0,30,29,84,57,100,94,44,100,'Normal'
35,86,56,65,100,27,23,0,6,28,65,64,98,100,0,85,'Normal'
98,98,34,96,8,59,63,27,34,0,0,32,42,70,100,100,'Normal'
100,100,21,86,45,47,86,11,3,0,0,33,65,65,99,96,'Normal'
48,97,7,76,22,35,0,0,5,31,49,65,100,95,52,100,'Normal'
61,95,39,68,100,100,45,76,0,45,10,0,90,36,21,50,'Normal'
25,46,100,31,80,0,0,9,38,45,89,78,54,100,20,68,'Normal'
32,90,0,64,66,29,79,0,12,26,60,67,100,100,16,79,'Normal'
48,94,0,76,53,39,47,0,3,14,70,46,100,88,28,100,'Normal'
41,84,93,52,100,12,33,0,47,39,93,74,72,100,0,81,'Normal'
0,20,57,51,94,89,38,100,44,61,100,30,76,0,12,14,'Normal'
78,79,40,100,6,71,16,33,16,0,0,32,46,58,100,80,'Normal'
35,100,0,88,58,44,55,0,30,39,100,73,94,97,28,84,'Normal'
75,91,30,100,24,60,53,21,11,0,0,37,44,70,100,93,'Normal'
66,93,50,56,80,100,0,55,17,35,59,0,100,52,0,29,'Normal'
59,100,9,86,61,44,74,0,0,1,53,39,100,82,35,88,'Normal'
70,99,42,69,35,30,0,0,19,29,60,58,100,88,54,100,'Normal'
100,89,41,100,23,69,54,35,38,0,0,11,25,47,60,81,'Normal'
66,91,22,73,50,27,19,0,0,33,65,60,100,96,24,100,'Normal'
63,62,67,100,5,79,52,41,73,0,0,2,32,42,100,75,'Normal'
67,86,59,66,95,26,44,0,0,30,59,63,100,98,19,100,'Normal'
39,83,17,65,37,26,17,0,0,36,44,70,100,100,32,93,'Normal'
77,100,28,80,63,41,59,0,0,10,47,44,100,75,61,94,'Normal'
44,75,21,38,0,0,18,28,56,60,100,90,82,100,28,81,'Normal'
100,100,39,84,58,51,88,20,25,0,0,24,42,54,98,81,'Normal'
0,85,19,63,86,31,94,0,3,15,39,50,100,83,29,100,'Normal'
0,76,49,100,100,82,58,41,28,0,82,15,28,51,34,88,'Normal'
54,85,94,100,96,61,79,22,84,0,100,32,53,52,0,58,'Normal'
35,100,0,80,45,41,96,3,44,0,34,38,100,67,78,93,'Normal'
69,79,48,57,69,19,0,0,30,34,93,63,100,100,37,76,'Normal'
100,100,22,97,23,62,94,33,69,0,0,18,25,59,78,95,'Normal'
22,93,0,70,69,37,100,0,15,20,51,60,77,94,42,100,'Normal'
16,78,66,100,100,75,46,39,0,0,66,4,24,45,23,85,'Normal'
55,65,100,87,61,100,53,66,71,29,40,0,0,21,39,47,'Normal'
27,100,43,66,67,31,45,0,0,27,47,59,100,91,20,97,'Normal'
30,63,61,100,100,82,76,39,42,0,74,9,53,49,0,63,'Normal'
73,100,0,91,49,63,100,31,58,0,16,28,45,69,30,98,'Normal'
19,74,75,62,78,23,3,0,28,38,94,72,100,100,0,80,'Normal'
100,86,47,100,0,73,42,43,85,15,28,0,37,36,84,66,'Normal'
59,72,36,100,0,72,23,36,52,0,0,1,44,27,100,55,'Normal'
35,90,24,61,100,100,12,84,0,29,49,0,96,57,7,28,'Normal'
20,70,39,100,100,88,67,44,30,1,64,0,22,41,0,85,'Normal'
52,98,69,67,78,28,13,0,0,26,54,58,100,93,54,100,'Normal'
60,90,43,68,52,22,21,0,0,39,52,66,100,95,38,100,'Normal'
60,81,12,100,0,70,28,34,28,0,12,33,52,64,100,91,'Normal'
7,60,100,79,76,100,24,71,80,36,84,0,0,14,47,50,'Normal'
83,85,17,98,37,57,94,19,38,0,0,38,65,71,100,100,'Normal'
44,90,0,79,79,43,95,0,13,10,50,55,100,98,19,100,'Normal'
12,75,3,59,67,25,20,0,27,36,95,68,100,100,0,95,'Normal'
62,100,0,57,94,71,34,93,26,47,13,0,100,37,8,39,'Normal'
15,92,0,96,38,47,79,0,4,8,46,58,100,100,12,86,'Normal'
100,100,21,86,64,41,71,0,13,23,73,66,74,100,0,70,'Normal'
81,76,15,100,0,65,100,33,65,0,10,28,90,64,73,94,'Normal'
100,90,60,100,36,66,54,29,34,0,0,19,37,48,79,74,'Normal'
100,51,72,100,0,88,28,42,77,0,2,11,5,55,78,82,'Normal'
0,56,76,49,100,11,31,0,45,39,95,73,71,100,11,74,'Normal'
58,100,0,85,51,50,79,11,14,0,44,39,100,71,51,83,'Normal'
100,63,71,100,10,85,24,43,56,4,0,0,26,38,88,55,'Normal'
0,30,46,60,59,100,21,81,67,50,100,16,38,0,7,28,'Normal'
23,83,74,49,100,13,19,0,24,35,82,66,73,100,0,84,'Normal'
64,89,66,58,74,8,0,0,20,41,92,64,100,100,24,95,'Normal'
56,86,39,69,100,34,59,0,0,17,53,54,95,94,22,100,'Normal'
69,89,6,100,10,64,35,26,10,0,0,36,47,64,100,91,'Normal'
50,83,26,62,58,100,14,60,2,30,50,0,100,51,0,34,'Normal'
0,95,21,65,86,30,54,0,14,25,68,62,100,100,0,90,'Normal'
85,90,10,65,100,69,34,100,53,41,0,0,92,5,35,48,'Normal'
55,68,71,40,100,6,5,0,14,35,66,68,89,100,0,83,'Normal'
41,58,99,39,100,1,27,0,33,40,80,75,66,100,0,83,'Normal'
13,78,44,47,36,0,0,0,48,39,100,74,85,100,20,79,'Normal'
19,90,57,61,96,19,17,0,2,34,81,64,100,100,0,99,'Normal'
100,100,29,88,45,52,79,16,16,0,0,33,42,68,44,98,'Normal'
44,73,77,100,100,68,78,28,68,0,100,33,56,51,0,53,'Normal'
16,92,0,70,68,36,68,0,15,25,53,63,100,100,34,92,'Normal'
0,20,38,56,46,100,6,81,58,56,100,24,50,0,7,15,'Normal'
65,98,41,74,100,100,32,85,10,60,0,0,73,12,33,62,'Normal'
76,100,59,66,89,23,9,0,0,31,80,62,100,96,2,86,'Normal'
66,74,23,100,14,69,64,36,47,0,0,23,35,60,100,87,'Normal'
21,93,0,65,56,35,48,0,17,26,61,60,100,95,32,100,'Normal'
36,100,39,66,100,97,34,100,29,47,0,0,73,10,32,66,'Normal'
0,73,54,47,100,15,43,0,51,35,81,69,63,100,2,72,'Normal'
62,76,0,100,22,68,90,37,100,0,13,8,13,47,68,81,'Normal'
23,100,46,57,100,79,49,89,0,48,20,0,79,22,24,53,'Normal'
65,95,0,77,46,36,35,0,5,26,73,61,100,100,6,84,'Normal'
40,83,81,46,79,7,5,0,51,35,100,71,72,100,0,77,'Normal'
75,92,23,83,58,39,77,0,0,13,42,51,100,86,32,100,'Normal'
40,81,67,65,100,27,38,0,0,24,46,61,81,99,27,100,'Normal'
21,73,84,42,90,7,0,0,19,35,81,66,100,100,9,89,'Normal'
80,81,34,100,0,70,45,39,76,0,28,12,57,54,100,85,'Normal'
2,20,44,53,63,100,14,98,53,59,100,25,57,0,0,13,'Normal'
70,81,25,100,0,74,42,40,77,5,40,0,53,40,100,70,'Normal'
50,54,80,96,38,100,37,50,46,0,0,15,45,45,100,61,'Normal'
100,83,20,100,0,68,71,36,89,0,17,15,42,55,98,91,'Normal'
2,77,54,100,100,79,86,47,59,16,63,0,73,27,0,43,'Normal'
23,74,42,38,51,0,0,7,26,42,81,69,100,97,25,100,'Normal'
43,39,100,73,69,100,7,70,60,36,57,0,0,16,67,48,'Normal'
95,68,76,100,34,78,50,39,52,0,0,6,40,39,100,60,'Normal'
77,83,47,72,78,27,22,0,0,30,68,60,100,100,20,90,'Normal'
72,100,2,77,59,36,100,0,0,7,31,52,100,92,22,91,'Normal'
49,78,34,60,30,18,0,0,19,39,57,73,100,100,44,82,'Normal'
38,81,92,100,100,66,65,33,37,0,100,20,67,51,0,72,'Normal'
48,92,29,62,92,100,16,67,0,38,36,0,100,43,10,41,'Normal'
82,100,0,85,67,49,100,10,6,0,12,41,82,77,69,99,'Normal'
20,60,0,83,15,39,100,9,30,0,47,54,67,100,2,59,'Normal'
74,74,62,100,10,76,36,39,62,2,0,0,24,30,100,50,'Normal'
46,92,0,75,48,39,44,0,7,19,52,57,100,92,37,100,'Normal'
82,86,0,67,38,29,96,0,25,20,65,61,100,100,18,73,'Normal'
0,77,52,57,100,26,54,0,23,24,56,58,75,94,21,100,'Normal'
100,86,49,100,3,79,37,43,59,5,9,0,0,40,43,70,'Normal'
66,76,34,100,5,76,43,39,44,0,0,17,45,50,100,76,'Normal'
100,70,46,94,32,51,87,9,0,0,38,46,80,91,19,100,'Normal'
1,13,46,53,72,100,13,97,39,54,100,23,56,0,0,19,'Normal'
0,24,43,59,64,100,18,94,67,61,100,23,43,0,7,29,'Normal'
75,61,85,100,22,82,37,42,55,2,0,0,31,36,100,60,'Normal'
69,94,0,81,73,55,100,21,32,0,20,33,58,67,51,100,'Normal'
100,100,33,95,0,60,47,28,48,0,5,21,40,59,87,92,'Normal'
32,87,24,54,81,100,0,72,18,44,36,0,100,44,19,49,'Normal'
0,96,31,63,100,32,86,0,12,18,53,53,98,87,41,100,'Normal'
28,49,35,93,100,100,81,54,41,13,52,0,66,45,0,63,'Normal'
25,94,6,58,87,30,85,0,0,17,49,53,100,89,35,100,'Normal'
97,91,33,93,55,46,54,0,0,10,49,49,100,87,30,100,'Normal'
61,96,46,68,71,22,11,0,0,34,67,63,100,100,25,93,'Normal'
46,78,26,54,84,100,0,75,24,42,29,0,100,44,20,39,'Normal'
57,95,59,56,76,12,0,0,28,33,100,60,96,100,21,88,'Normal'
86,83,40,100,0,72,49,37,63,0,10,20,52,55,100,82,'Normal'
36,82,45,60,81,100,0,70,19,45,25,0,100,37,4,32,'Normal'
100,92,20,90,7,42,65,0,0,10,18,58,78,100,45,97,'Normal'
94,83,29,77,100,41,78,0,0,11,45,56,92,100,10,79,'Normal'
89,98,57,76,63,34,19,0,0,25,55,56,100,91,36,100,'Normal'
55,90,44,56,29,13,0,0,28,38,64,69,100,100,63,99,'Normal'
56,71,31,100,16,66,24,23,0,0,17,34,57,57,100,76,'Normal'
0,21,49,57,79,100,15,81,45,44,100,15,29,0,5,25,'Normal'
84,74,74,100,32,74,58,34,49,0,0,8,48,37,100,62,'Normal'
93,77,47,100,8,68,70,33,74,0,0,20,52,57,100,92,'Normal'
40,84,33,81,100,42,81,0,0,13,46,57,94,100,11,90,'Normal'
54,77,30,37,0,0,13,25,55,54,100,80,89,100,37,86,'Normal'
61,83,19,100,3,62,15,21,0,0,0,40,47,62,100,79,'Normal'
59,100,28,71,26,20,0,0,28,40,72,67,100,99,49,99,'Normal'
40,100,0,58,93,90,6,92,11,52,9,0,100,34,0,38,'Normal'
48,84,38,41,20,0,0,14,37,51,89,81,100,100,36,84,'Normal'
3,61,69,34,69,0,0,13,45,46,100,78,71,100,29,71,'Normal'
100,91,44,100,0,76,10,37,30,0,3,25,25,61,72,86,'Normal'
57,100,0,75,62,40,62,0,2,15,56,53,100,93,23,95,'Normal'
32,84,66,100,100,80,64,40,30,0,68,11,36,52,0,91,'Normal'
54,97,20,73,48,34,35,0,0,22,50,50,100,78,71,100,'Normal'
86,74,21,100,0,73,66,38,100,0,12,8,49,49,100,76,'Normal'
100,87,9,100,0,67,74,37,94,0,21,15,60,56,93,94,'Normal'
36,93,31,55,79,100,0,73,31,53,27,0,100,37,32,46,'Normal'
51,62,56,100,1,82,33,42,65,1,0,0,32,40,100,65,'Normal'
36,86,0,75,35,34,12,0,11,35,75,68,100,100,12,89,'Normal'
47,97,17,79,57,40,70,0,0,17,33,53,100,79,65,100,'Normal'
26,94,0,80,47,41,68,0,5,9,52,46,100,84,36,100,'Normal'
51,67,81,100,0,89,33,50,83,13,13,0,41,34,100,62,'Normal'
32,87,76,51,98,14,16,0,46,32,100,66,76,100,0,82,'Normal'
48,88,28,58,34,9,0,0,25,42,66,77,100,100,49,78,'Normal'
65,100,0,79,67,41,99,0,10,3,41,42,100,80,6,90,'Normal'
64,97,32,67,19,26,0,0,30,36,67,67,100,100,47,88,'Normal'
25,67,79,49,100,13,51,0,54,37,78,73,61,100,0,79,'Normal'
44,76,61,100,6,75,41,38,70,0,0,0,33,36,100,62,'Normal'
51,91,5,86,0,43,22,0,8,24,50,61,100,93,45,100,'Normal'
72,97,4,91,14,45,29,0,0,30,61,65,100,100,20,86,'Normal'
59,61,91,100,37,92,36,46,45,0,0,6,35,36,100,38,'Normal'
73,95,7,76,78,40,100,2,0,0,37,41,82,82,51,100,'Normal'
27,73,35,48,100,14,70,0,38,38,89,75,94,100,0,86,'Normal'
60,56,56,100,0,79,46,38,100,0,45,1,39,48,91,86,'Normal'
37,89,25,54,80,20,15,0,0,26,62,58,100,97,23,100,'Normal'
58,95,60,64,100,32,83,0,17,20,62,51,69,85,0,100,'Normal'
87,80,54,100,24,68,61,34,37,0,0,19,52,48,100,80,'Normal'
45,100,68,64,100,24,39,0,5,33,68,65,85,97,0,97,'Normal'
88,100,9,93,8,45,55,0,0,6,37,50,100,84,44,99,'Normal'
79,78,42,100,27,66,68,30,50,0,0,22,45,54,100,82,'Normal'
100,83,29,100,27,65,86,32,59,0,0,21,45,58,99,89,'Normal'
36,86,30,70,78,35,55,0,0,21,62,53,100,89,9,100,'Normal'
65,67,72,100,1,75,32,37,61,0,0,4,32,44,100,74,'Normal'
30,79,4,66,68,31,41,0,0,28,57,64,100,100,0,92,'Normal'
100,82,61,100,50,68,72,31,38,0,0,16,31,49,78,76,'Normal'
44,93,0,100,32,60,85,27,61,0,41,36,100,65,72,88,'Normal'
67,78,54,100,0,83,36,43,61,0,15,14,51,54,100,80,'Normal'
12,79,62,46,100,12,23,0,41,33,86,67,82,100,0,88,'Normal'
17,97,25,59,85,100,0,82,27,51,23,0,100,36,19,33,'Normal'
69,82,0,100,22,64,96,36,96,0,33,20,93,53,100,79,'Normal'
11,58,85,41,87,0,0,9,23,50,100,78,71,100,10,77,'Normal'
23,100,13,70,66,36,33,0,0,25,59,58,100,96,28,97,'Normal'
31,100,0,82,47,46,97,12,44,0,31,33,95,61,100,91,'Normal'
24,97,55,60,77,22,21,0,0,31,51,62,100,95,30,100,'Normal'
72,100,3,76,100,63,49,99,29,45,0,28,53,0,33,48,'Normal'
32,85,67,55,95,10,4,0,12,40,95,71,100,100,0,87,'Normal'
72,68,42,100,0,68,61,34,79,0,1,16,50,53,100,88,'Normal'
83,100,18,88,37,43,61,0,0,20,53,56,100,91,22,97,'Normal'
0,25,52,58,76,98,15,100,54,64,100,29,49,0,9,28,'Normal'
29,61,97,31,78,0,0,12,45,45,100,77,80,100,9,73,'Normal'
51,91,46,56,29,15,0,0,36,33,72,64,100,100,48,92,'Normal'
30,81,62,43,64,0,29,15,62,52,100,87,58,100,0,87,'Normal'
43,100,0,88,67,47,85,0,17,16,83,56,100,93,17,74,'Normal'
43,67,83,33,78,0,9,9,57,41,100,73,57,100,0,78,'Normal'
49,75,44,100,23,73,43,37,47,0,0,16,40,45,100,68,'Normal'
73,92,0,100,23,63,77,31,50,0,7,30,52,66,100,98,'Normal'
29,100,20,62,100,96,15,96,14,51,25,0,90,47,0,44,'Normal'
53,61,100,73,92,100,55,72,58,36,51,1,0,0,29,31,'Normal'
100,98,51,100,11,72,44,35,43,0,0,20,22,61,65,92,'Normal'
86,59,56,100,0,81,48,42,71,0,11,8,45,52,100,88,'Normal'
81,60,96,100,0,98,49,54,96,11,13,0,33,45,100,86,'Normal'
77,97,13,85,62,41,100,0,24,11,48,63,72,100,0,76,'Normal'
18,68,50,54,100,19,30,0,24,35,84,68,90,100,0,84,'Normal'
49,49,100,79,54,100,8,68,35,27,0,0,6,35,71,63,'Normal'
77,99,43,77,34,36,0,0,23,34,66,68,100,100,39,78,'Normal'
0,77,50,100,100,72,40,39,13,0,74,1,23,38,12,77,'Normal'
49,73,61,100,0,84,42,42,81,0,26,10,43,56,100,86,'Normal'
49,91,31,63,71,29,11,0,0,32,49,67,100,100,0,83,'Normal'
100,75,49,100,24,61,100,27,91,0,0,18,66,55,93,85,'Normal'
75,77,41,100,19,68,65,36,59,0,0,5,43,38,100,66,'Normal'
6,27,47,57,62,100,8,91,48,56,100,25,51,0,0,22,'Normal'
13,65,73,34,94,0,0,0,27,34,82,65,100,100,27,77,'Normal'
77,97,63,73,91,32,54,0,0,24,49,54,100,86,46,100,'Normal'
69,91,10,95,34,46,50,0,0,23,62,50,100,87,36,100,'Normal'
0,71,64,52,100,16,34,0,21,36,69,68,80,100,8,93,'Normal'
97,75,60,100,35,68,68,32,49,0,0,22,39,57,100,83,'Normal'
95,69,60,100,35,66,63,28,24,0,0,23,41,56,100,82,'Normal'
44,95,1,72,39,36,38,0,0,24,49,57,100,90,34,100,'Normal'
56,76,18,100,0,69,57,37,71,0,12,20,62,55,100,83,'Normal'
66,94,0,92,38,48,90,5,11,0,36,45,100,84,18,100,'Normal'
67,73,41,100,16,67,73,34,78,0,0,10,35,47,100,77,'Normal'
76,56,75,100,0,90,35,53,95,21,47,0,57,44,100,85,'Normal'
50,93,4,100,38,58,100,17,25,0,0,43,54,87,6,89,'Normal'
100,99,43,100,8,68,38,32,25,0,0,30,41,63,95,86,'Normal'
58,56,55,100,0,74,68,42,100,0,19,1,29,45,87,83,'Normal'
0,77,49,100,100,74,85,37,58,0,93,13,69,48,5,74,'Normal'
41,94,71,72,95,33,34,0,0,27,51,63,100,100,41,94,'Normal'
0,54,59,54,100,23,45,0,41,34,79,69,65,100,13,75,'Normal'
29,83,0,83,41,42,53,0,17,20,50,61,100,100,29,95,'Normal'
76,81,25,100,35,64,94,31,75,0,0,22,28,58,100,88,'Normal'
35,74,71,42,100,9,62,0,76,38,89,76,48,100,0,82,'Normal'
59,85,4,100,49,50,94,0,0,24,49,56,100,88,4,90,'Normal'
67,96,20,100,21,59,41,20,11,0,0,35,48,65,100,93,'Normal'
0,33,66,60,100,100,48,78,84,37,52,0,30,32,85,68,'Normal'
37,55,100,72,94,100,52,75,57,37,57,0,0,2,9,36,'Normal'
10,23,56,59,67,100,0,93,44,57,100,25,50,0,16,26,'Normal'
0,69,28,100,100,97,77,55,40,15,86,0,38,33,9,72,'Normal'
72,64,54,100,24,73,54,36,45,0,0,19,41,53,100,80,'Normal'
65,66,61,100,13,67,76,34,90,0,0,5,32,44,100,75,'Normal'
38,71,72,36,81,0,12,11,57,45,100,80,49,100,0,70,'Normal'
56,66,100,94,44,100,35,64,63,29,37,0,0,22,42,54,'Normal'
79,87,32,63,85,32,73,0,0,12,42,44,100,75,70,100,'Normal'
7,61,75,35,72,0,0,7,42,41,100,72,79,100,14,75,'Normal'
30,68,63,39,77,0,0,6,44,41,100,75,63,100,9,69,'Normal'
64,83,16,87,11,43,0,0,5,33,54,68,100,100,25,90,'Normal'
85,100,19,76,100,62,47,97,26,50,0,18,81,0,48,43,'Normal'
31,74,62,37,55,0,0,17,46,49,100,78,83,100,34,72,'Normal'
80,71,59,100,18,73,44,34,50,0,0,20,46,50,100,74,'Normal'
68,94,67,75,100,100,39,70,0,42,20,0,97,25,33,65,'Normal'
89,93,31,100,40,50,53,0,0,0,46,41,100,79,36,85,'Normal'
67,79,33,62,100,30,71,0,43,32,87,68,93,100,0,79,'Normal'
56,89,55,63,100,29,53,0,52,33,93,68,82,100,0,84,'Normal'
9,70,41,100,100,85,68,42,27,2,75,0,45,42,0,80,'Normal'
65,81,100,48,88,10,7,0,40,35,97,68,78,100,0,87,'Normal'
91,73,55,100,0,73,49,37,83,0,17,7,56,44,100,77,'Normal'
5,28,50,60,69,100,17,90,60,58,100,24,49,0,0,22,'Normal'
59,99,8,100,24,58,81,28,57,0,0,25,39,64,100,93,'Normal'
56,94,21,74,100,89,29,100,0,63,2,0,74,21,20,66,'Normal'
92,100,8,87,54,50,100,15,0,0,5,37,64,73,48,99,'Normal'
100,94,4,100,2,57,87,19,0,0,7,44,78,87,7,91,'Normal'
100,73,56,100,3,72,55,37,80,0,0,3,27,41,95,70,'Normal'
97,98,19,80,100,57,69,100,45,50,0,19,73,0,31,43,'Normal'
5,66,16,100,100,98,69,58,29,20,75,0,21,32,0,71,'Normal'
77,57,87,100,0,95,43,55,100,15,40,0,28,45,86,85,'Normal'
13,69,78,100,100,73,59,36,11,0,87,11,87,45,0,69,'Normal'
68,100,11,89,59,45,61,0,0,17,65,55,100,100,18,98,'Normal'
91,90,59,64,50,16,0,0,21,44,94,73,100,100,11,92,'Normal'
59,77,15,63,88,31,47,0,14,26,66,62,100,100,0,99,'Normal'
27,50,79,68,100,100,46,85,42,42,51,1,0,0,35,33,'Normal'
25,88,39,61,92,24,27,0,15,33,77,68,100,100,0,88,'Normal'
86,78,53,100,32,69,56,32,36,0,0,18,49,48,100,77,'Normal'
57,92,18,72,42,30,7,0,0,39,50,69,100,99,43,100,'Normal'
78,62,60,100,12,65,94,32,100,0,0,14,60,53,72,83,'Normal'
83,96,20,81,67,41,54,0,0,27,65,62,100,100,15,93,'Normal'
83,63,77,55,100,15,35,0,23,38,70,73,63,100,0,78,'Normal'
43,84,36,63,100,38,75,0,33,24,61,66,61,100,0,73,'Normal'
90,82,4,94,44,49,62,0,0,7,49,50,100,92,21,100,'Normal'
62,83,27,69,70,26,47,0,0,34,63,66,100,98,19,100,'Normal'
69,97,37,54,57,0,0,4,30,46,100,66,84,100,12,94,'Normal'
31,84,67,50,68,2,0,0,37,40,100,70,70,100,2,82,'Normal'
76,81,0,82,57,42,91,0,19,17,78,57,100,100,20,84,'Normal'
54,82,26,63,100,76,28,100,61,50,0,36,49,0,55,54,'Normal'
100,100,39,93,43,59,70,25,32,0,0,24,34,56,79,84,'Normal'
25,80,75,100,92,69,72,35,52,0,100,18,61,48,0,65,'Normal'
98,100,31,97,48,60,72,23,16,0,0,30,47,62,100,92,'Normal'
42,63,100,85,54,100,42,62,62,22,0,0,0,27,73,51,'Normal'
89,79,48,100,21,71,51,34,40,0,0,18,49,47,100,77,'Normal'
0,39,62,67,86,100,6,87,38,54,100,26,72,0,1,17,'Normal'
7,91,34,60,77,100,0,69,8,39,32,0,100,43,8,39,'Normal'
98,76,59,100,16,76,74,42,77,0,0,9,31,48,100,76,'Normal'
100,85,17,97,8,71,88,41,67,0,0,23,47,63,100,100,'Normal'
22,75,58,41,38,0,0,8,55,39,100,74,60,100,7,76,'Normal'
100,88,32,100,0,64,55,31,40,0,5,30,55,66,91,98,'Normal'
0,63,63,33,72,0,20,9,58,42,100,74,56,100,7,71,'Normal'
79,98,0,87,39,48,95,13,28,0,46,40,100,77,58,100,'Normal'
43,84,0,77,48,37,28,0,1,25,68,57,100,97,21,100,'Normal'
23,69,60,33,48,0,0,19,48,50,100,81,68,100,17,71,'Normal'
50,100,10,67,100,100,14,94,19,56,0,0,89,29,1,40,'Normal'
0,69,35,100,100,94,69,49,26,8,71,0,36,40,15,83,'Normal'
62,95,12,76,74,39,100,0,21,6,30,57,65,100,0,66,'Normal'
62,77,24,100,1,71,41,36,50,0,0,22,42,55,100,74,'Normal'
83,63,48,100,0,76,61,40,82,0,3,9,38,55,100,91,'Normal'
3,15,44,51,88,88,46,100,42,63,100,31,72,0,0,17,'Normal'
26,75,59,41,65,3,0,0,14,36,63,66,100,100,36,90,'Normal'
73,69,100,100,0,95,39,54,85,13,7,0,13,40,89,73,'Normal'
9,63,66,39,77,0,0,4,41,41,100,75,77,100,0,77,'Normal'
28,68,37,100,96,94,82,47,66,0,100,6,46,36,0,70,'Normal'
100,84,49,78,79,39,84,0,0,13,37,50,93,85,18,100,'Normal'
100,100,22,86,23,55,73,27,42,0,0,20,53,47,100,77,'Normal'
62,99,0,92,32,50,100,24,67,0,1,19,38,64,48,100,'Normal'
57,74,45,100,14,69,46,33,39,0,0,23,49,49,100,73,'Normal'
66,82,15,81,25,36,52,0,0,12,52,55,100,100,35,76,'Normal'
0,18,39,59,82,100,34,100,34,62,100,36,68,0,14,19,'Normal'
0,70,33,100,100,94,100,59,75,25,47,0,69,34,14,61,'Normal'
20,73,57,44,76,2,0,0,40,40,100,76,77,100,22,65,'Normal'
24,73,85,63,100,24,35,0,18,33,66,67,79,100,0,88,'Normal'
34,78,39,53,100,24,49,0,44,35,77,70,76,100,0,80,'Normal'
65,82,14,100,33,49,100,5,8,0,0,41,90,72,12,98,'Normal'
100,100,50,100,34,60,69,25,43,0,0,18,27,58,65,92,'Normal'
49,100,57,55,40,9,0,0,44,40,100,77,77,100,14,69,'Normal'
59,84,20,66,59,29,15,0,0,36,58,66,100,100,24,92,'Normal'
8,44,30,84,100,100,97,59,66,19,67,0,61,38,0,69,'Normal'
26,87,67,52,100,18,34,0,24,33,70,67,80,100,0,82,'Normal'
91,67,83,100,25,86,24,43,41,0,0,6,36,33,100,36,'Normal'
5,92,82,100,100,67,57,32,12,0,80,11,70,46,0,66,'Normal'
27,50,66,35,46,0,7,31,46,68,100,100,41,100,0,64,'Normal'
100,100,46,95,51,59,75,25,30,0,0,17,43,46,83,78,'Normal'
49,62,71,100,100,81,83,39,57,1,78,0,51,33,0,49,'Normal'
53,97,31,66,44,20,9,0,0,41,54,67,100,95,37,100,'Normal'
59,77,60,44,69,0,0,6,36,43,100,72,96,100,31,75,'Normal'
55,100,43,41,100,42,61,96,45,43,10,0,98,20,0,27,'Normal'
82,83,39,100,10,64,71,33,72,0,0,10,42,48,100,82,'Normal'
95,88,23,100,57,62,100,24,42,0,0,31,44,69,87,97,'Normal'
51,65,59,100,0,72,63,37,100,1,4,0,15,37,99,62,'Normal'
78,97,44,68,100,30,65,0,38,35,84,77,76,100,0,72,'Normal'
14,70,58,36,28,0,0,30,48,66,100,100,46,95,22,55,'Normal'
68,90,62,80,100,34,54,0,0,21,55,58,97,100,29,96,'Normal'
100,100,41,92,20,60,38,24,0,0,0,24,47,48,97,71,'Normal'
55,95,0,100,26,67,64,33,50,0,16,29,47,63,100,90,'Normal'
72,88,13,100,0,67,28,30,22,0,3,34,51,62,100,90,'Normal'
74,88,15,100,25,61,82,27,56,0,0,23,52,58,100,90,'Normal'
67,73,40,100,10,69,34,31,29,0,0,24,51,47,100,72,'Normal'
49,92,58,48,66,4,0,0,39,36,100,65,92,100,25,88,'Normal'
25,85,68,51,91,13,16,0,50,33,100,65,79,100,0,89,'Normal'
92,78,27,100,0,67,67,36,100,0,14,5,40,44,95,76,'Normal'
46,62,85,96,15,100,12,60,44,19,0,0,28,37,100,55,'Normal'
73,86,12,100,0,66,77,35,100,0,6,8,34,48,75,85,'Normal'
26,93,15,77,97,45,95,1,0,0,42,45,100,88,23,100,'Normal'
58,58,100,94,45,100,41,59,72,20,10,0,0,31,67,57,'Normal'
80,89,52,97,46,49,59,0,0,6,51,44,100,84,49,100,'Normal'
0,57,35,95,100,100,95,57,53,19,43,0,60,38,0,63,'Normal'
10,63,43,100,100,85,75,43,35,6,61,0,58,35,0,66,'Normal'
100,93,47,100,7,70,43,32,27,0,0,32,36,70,83,100,'Normal'
64,87,0,100,35,53,78,6,19,0,61,41,100,82,44,78,'Normal'
100,100,21,84,41,44,79,6,0,0,33,39,80,76,49,97,'Normal'
54,83,11,68,44,32,30,0,0,27,49,59,100,90,21,100,'Normal'
21,64,55,29,7,0,0,32,55,65,100,100,20,93,12,57,'Normal'
31,87,22,49,83,100,0,74,45,67,23,0,100,37,15,38,'Normal'
60,65,95,100,100,76,67,38,37,0,76,8,57,44,0,62,'Normal'
100,82,39,100,16,71,56,38,68,2,0,0,21,34,93,55,'Normal'
80,84,11,100,19,64,100,35,88,0,0,15,42,52,99,88,'Normal'
69,90,33,61,75,16,12,0,0,38,77,59,100,100,20,95,'Normal'
1,74,23,100,83,87,75,42,49,0,100,2,55,34,0,64,'Normal'
11,58,65,35,67,0,4,19,41,53,100,81,57,100,0,79,'Normal'
95,83,17,87,51,48,92,10,0,0,25,37,100,69,94,100,'Normal'
13,71,51,100,100,78,57,39,15,0,79,8,25,44,0,82,'Normal'
6,50,41,50,100,19,44,0,20,37,63,73,65,100,0,73,'Normal'
80,96,24,100,33,61,49,21,11,0,0,36,48,63,100,89,'Normal'
49,82,6,100,0,65,19,27,15,0,8,38,48,62,100,68,'Normal'
76,76,39,100,0,76,41,39,73,0,17,7,35,47,100,69,'Normal'
100,100,42,100,1,71,18,33,14,0,0,32,36,64,83,92,'Normal'
58,94,14,82,31,32,11,0,0,36,58,65,100,97,30,100,'Normal'
78,81,41,91,41,44,56,0,0,18,48,60,100,100,33,91,'Normal'
52,95,0,83,42,41,81,0,1,2,44,39,100,75,50,100,'Normal'
32,63,76,31,50,0,0,14,50,44,100,73,78,100,24,75,'Normal'
86,98,19,85,47,41,74,0,0,10,42,49,100,84,51,100,'Normal'
100,96,47,92,36,58,58,20,17,0,0,33,27,69,65,100,'Normal'
42,78,56,78,100,38,50,0,8,20,58,60,94,100,0,89,'Normal'
100,100,19,93,0,53,27,11,1,0,29,41,79,77,54,96,'Normal'
13,93,56,60,100,25,35,0,8,29,60,63,81,100,0,98,'Normal'
38,76,0,91,39,45,75,0,24,12,58,58,100,100,37,94,'Normal'
28,60,15,100,100,98,74,50,21,6,76,0,23,43,0,87,'Normal'
100,88,47,100,28,62,74,27,55,0,0,19,32,60,86,88,'Normal'
77,100,41,79,56,38,34,0,0,19,53,50,100,82,39,94,'Normal'
12,52,65,54,100,23,47,0,39,33,74,67,68,100,0,90,'Normal'
57,90,0,88,46,52,100,19,39,0,33,37,69,75,39,100,'Normal'
39,100,75,61,100,98,34,81,9,30,72,0,83,45,0,50,'Normal'
77,100,0,87,36,41,60,0,6,19,70,56,100,97,12,90,'Normal'
83,100,9,87,57,44,60,0,0,17,56,56,100,95,10,100,'Normal'
38,54,100,82,64,100,34,65,60,27,17,0,0,32,59,62,'Normal'
51,58,83,100,0,92,3,49,68,10,13,0,15,43,100,77,'Normal'
3,83,47,67,51,25,0,0,11,37,65,69,100,100,21,92,'Normal'
85,52,85,98,0,79,65,39,100,0,9,13,62,56,100,100,'Normal'
0,63,56,35,98,0,41,1,62,39,100,74,69,100,10,74,'Normal'
62,100,0,96,40,62,100,30,43,0,6,27,38,73,13,99,'Normal'
11,75,49,47,83,10,0,0,34,37,100,70,95,100,5,79,'Normal'
63,98,8,83,73,43,100,0,0,5,35,49,97,90,13,100,'Normal'
87,100,36,71,85,35,52,0,0,13,51,49,100,85,44,97,'Normal'
0,79,25,50,98,25,71,0,10,16,50,47,100,76,83,100,'Normal'
88,77,30,96,46,48,68,0,0,2,45,46,100,88,38,100,'Normal'
67,100,10,92,29,53,50,14,1,0,0,37,45,67,100,87,'Normal'
67,99,18,97,32,47,69,0,0,4,45,49,100,91,42,100,'Normal'
73,78,30,100,0,70,75,39,92,0,21,21,75,60,100,88,'Normal'
18,72,59,38,64,0,0,9,50,41,100,73,73,100,9,80,'Normal'
7,82,69,100,100,73,55,37,15,0,74,0,34,38,0,72,'Normal'
29,100,0,75,53,54,100,30,78,0,56,25,66,63,15,71,'Normal'
54,90,22,65,100,77,48,100,14,49,0,0,73,16,44,66,'Normal'
46,78,59,42,51,0,0,6,47,39,100,69,90,100,21,94,'Normal'
93,75,80,100,0,74,51,38,96,4,6,0,32,43,100,79,'Normal'
75,100,0,88,54,58,100,24,44,0,2,29,41,65,22,96,'Normal'
88,97,28,91,26,43,100,5,0,0,37,51,94,100,31,87,'Normal'
49,72,46,100,0,71,48,35,79,0,11,21,40,58,100,86,'Normal'
100,84,57,88,73,43,63,0,0,6,45,45,99,80,83,100,'Normal'
54,57,70,100,0,83,37,41,90,0,19,0,36,45,100,82,'Normal'
61,73,52,100,14,72,54,36,58,0,0,17,45,49,100,79,'Normal'
40,56,100,92,26,100,15,51,77,9,0,0,16,46,100,80,'Normal'
35,55,46,55,100,23,60,0,5,28,32,64,65,100,0,79,'Normal'
40,100,0,75,73,40,81,0,1,9,54,51,100,93,15,98,'Normal'
64,94,50,74,90,36,55,0,0,15,48,51,100,86,24,100,'Normal'
23,49,81,69,100,100,35,87,33,53,68,21,13,0,0,28,'Normal'
32,97,34,58,61,21,0,0,5,35,55,66,100,100,39,93,'Normal'
59,43,100,79,64,100,22,66,55,28,12,0,0,27,67,56,'Normal'
100,88,20,100,43,54,78,10,0,0,12,42,83,74,50,93,'Normal'
92,78,42,100,0,70,41,36,86,2,19,0,28,34,100,63,'Normal'
71,73,92,100,18,81,25,45,45,9,0,0,18,33,100,52,'Normal'
78,91,11,100,6,67,38,34,51,0,0,20,35,51,100,72,'Normal'
3,97,42,63,100,31,61,0,0,19,38,57,80,95,32,100,'Normal'
80,50,77,96,21,100,58,55,77,9,0,0,24,46,100,82,'Normal'
40,79,45,55,69,19,15,0,13,36,67,68,100,100,0,99,'Normal'
100,100,33,91,44,60,84,29,46,0,0,14,39,46,87,75,'Normal'
91,90,31,100,0,65,57,32,84,0,15,14,44,57,100,83,'Normal'
61,100,0,70,54,38,100,5,13,0,34,36,87,71,36,84,'Normal'
61,56,45,100,0,69,58,38,100,0,38,3,46,54,79,99,'Normal'
100,100,46,90,57,55,91,23,46,0,0,17,35,50,85,75,'Normal'
39,85,86,49,100,11,6,0,31,35,96,67,90,100,0,85,'Normal'
77,90,8,100,1,64,55,31,60,0,0,27,29,65,100,89,'Normal'
70,98,0,99,36,48,93,0,4,0,16,46,100,79,48,100,'Normal'
4,62,61,32,53,0,0,11,53,42,100,74,80,100,12,74,'Normal'
6,36,60,64,74,100,19,83,62,51,100,18,40,0,0,28,'Normal'
39,84,0,86,40,42,76,0,20,9,57,54,100,96,44,100,'Normal'
90,100,0,86,42,44,53,0,17,15,73,56,100,99,8,99,'Normal'
20,86,0,73,82,85,35,100,19,45,30,0,100,33,24,54,'Normal'
73,91,21,85,50,37,46,0,0,24,54,63,100,100,30,78,'Normal'
0,100,31,67,98,38,86,0,15,8,65,45,100,84,26,86,'Normal'
35,95,51,60,72,15,22,0,0,36,53,66,100,99,33,100,'Normal'
68,100,0,90,62,47,100,0,15,5,53,55,97,100,18,84,'Normal'
60,73,59,100,19,73,53,36,51,0,0,20,50,52,100,80,'Normal'
68,89,17,100,28,63,72,28,36,0,0,32,47,64,100,95,'Normal'
0,75,15,53,77,22,33,0,20,34,72,67,100,100,5,89,'Normal'
100,98,24,100,6,68,78,41,70,0,0,9,32,53,83,93,'Normal'
24,49,98,70,100,100,49,74,84,35,69,0,0,18,69,45,'Normal'
9,41,73,80,0,100,28,56,92,16,35,0,22,42,100,74,'Normal'
11,17,54,54,99,92,42,100,31,64,100,35,75,0,0,13,'Normal'
20,69,35,100,100,95,61,53,19,11,67,0,35,38,0,80,'Normal'
44,93,4,83,43,42,40,0,0,16,48,52,100,86,49,100,'Normal'
41,94,22,69,90,42,100,3,20,0,0,37,47,73,40,100,'Normal'
73,83,27,87,22,41,0,0,8,36,55,68,100,100,42,85,'Normal'
56,95,42,62,38,17,0,0,27,38,64,69,100,100,53,94,'Normal'
89,76,40,100,9,61,100,29,91,0,0,25,64,63,91,100,'Normal'
76,93,28,69,100,75,34,100,38,41,0,0,72,12,21,52,'Normal'
5,76,29,100,100,81,55,39,0,0,61,3,15,44,21,83,'Normal'
77,99,0,73,100,100,12,84,6,48,12,0,99,39,16,51,'Normal'
32,66,87,42,73,0,0,7,37,43,100,72,92,100,30,76,'Normal'
53,64,100,88,52,100,29,66,60,27,30,0,0,24,46,53,'Normal'
82,96,63,62,100,25,45,0,18,32,77,65,97,100,0,98,'Normal'
53,79,0,92,19,58,80,27,57,0,26,34,80,68,100,100,'Normal'
66,72,27,100,0,75,45,39,63,0,11,24,50,61,100,87,'Normal'
56,91,12,77,65,37,74,0,0,18,50,59,100,99,24,100,'Normal'
8,67,47,100,100,83,72,42,32,5,80,0,45,35,0,69,'Normal'
56,63,71,100,1,81,48,42,76,0,0,13,27,56,100,86,'Normal'
81,100,49,81,76,38,50,0,0,17,58,51,100,91,30,98,'Normal'
77,100,11,67,100,72,43,99,36,32,0,0,84,2,30,46,'Normal'
66,82,2,100,0,67,57,37,62,0,6,22,32,60,100,84,'Normal'
100,78,43,100,2,72,51,35,46,0,0,24,50,58,76,90,'Normal'
59,77,0,77,49,38,93,0,10,6,38,45,100,79,52,100,'Normal'
100,87,70,100,50,66,69,28,35,0,0,17,44,46,92,72,'Normal'
0,86,35,67,98,33,81,0,24,22,74,60,100,100,15,99,'Normal'
53,97,0,72,66,38,95,0,29,15,71,55,100,98,15,100,'Normal'
0,45,53,36,62,0,7,6,52,38,100,70,71,100,11,84,'Normal'
90,52,79,100,0,99,19,50,66,4,16,0,34,51,100,86,'Normal'
84,72,65,100,16,73,51,36,65,0,0,5,37,39,100,61,'Normal'
11,100,17,71,73,37,100,0,9,11,27,48,92,79,0,95,'Normal'
100,100,43,78,80,39,76,0,0,10,39,46,86,82,10,97,'Normal'
33,90,57,56,91,20,9,0,0,33,76,64,100,100,4,96,'Normal'
38,42,96,71,100,100,32,77,43,38,62,0,0,5,49,39,'Normal'
66,48,100,82,52,100,39,64,79,29,43,0,0,26,59,56,'Normal'
1,67,44,100,100,75,64,36,17,0,100,18,42,52,0,88,'Normal'
39,100,69,58,95,10,14,0,17,42,100,66,91,100,0,100,'Normal'
0,83,18,50,63,16,23,0,3,35,50,68,100,100,13,95,'Normal'
96,90,2,68,78,32,85,0,15,26,72,67,100,100,0,71,'Normal'
88,95,60,69,74,18,10,0,0,35,67,59,100,100,36,100,'Normal'
89,79,23,71,70,30,36,0,0,26,72,63,100,100,2,76,'Normal'
59,100,6,57,100,72,26,86,64,46,0,0,91,10,35,34,'Normal'
64,75,43,100,40,60,100,28,81,0,0,6,38,44,72,75,'Normal'
56,100,39,68,70,27,29,0,0,33,62,60,100,90,30,95,'Normal'
0,72,59,43,90,7,27,0,20,37,67,70,100,100,22,86,'Normal'
72,97,64,54,69,0,0,13,28,50,100,73,96,100,19,90,'Normal'
15,62,56,100,100,88,74,43,41,0,88,8,65,50,0,60,'Normal'
0,69,49,35,63,0,1,6,41,41,100,72,99,100,19,76,'Normal'
69,70,61,100,2,84,23,41,48,0,0,23,43,59,100,84,'Normal'
45,71,63,100,20,78,44,39,51,0,0,11,40,40,100,52,'Normal'
59,100,10,71,99,78,31,96,0,45,41,0,100,35,23,61,'Normal'
68,82,38,65,74,27,34,0,0,33,53,66,100,100,16,95,'Normal'
32,68,0,100,38,71,100,37,75,0,13,18,35,59,90,95,'Normal'
75,75,38,100,12,64,88,31,89,0,0,20,29,62,100,96,'Normal'
85,96,38,77,100,40,68,0,0,20,51,59,98,100,32,86,'Normal'
23,78,51,100,100,78,70,40,40,0,78,2,37,37,0,74,'Normal'
42,100,20,71,100,84,20,97,0,48,14,0,73,24,8,58,'Normal'
78,96,9,75,100,66,82,100,17,54,0,0,81,18,24,61,'Normal'
72,72,51,100,4,75,44,38,52,0,0,17,41,53,100,81,'Normal'
57,89,0,100,1,68,43,34,30,0,1,31,41,65,100,86,'Normal'
20,77,61,100,100,80,48,46,9,7,68,0,25,39,0,82,'Normal'
84,90,0,91,51,56,98,19,36,0,43,40,100,75,62,100,'Normal'
42,99,55,61,71,24,18,0,0,30,64,61,100,94,9,100,'Normal'
10,81,61,100,100,76,64,38,35,0,83,10,51,48,0,76,'Normal'
